{
  "resourceType": "ValueSet",
  "id": "CodNacComunas",
  "text": {
    "status": "generated",
    "div": "<div xmlns=\"http://www.w3.org/1999/xhtml\"><ul><li>Include these codes as defined in <code>https://apis.digital.gob.cl/dpa/comunas/</code><table class=\"none\"><tr><td style=\"white-space:nowrap\"><b>Code</b></td><td><b>Display</b></td></tr><tr><td>05602</td><td>Algarrobo</td></tr><tr><td>13502</td><td>Alhué</td></tr><tr><td>08314</td><td>Alto Biobío</td></tr><tr><td>03302</td><td>Alto del Carmen</td></tr><tr><td>01107</td><td>Alto Hospicio</td></tr><tr><td>10202</td><td>Ancud</td></tr><tr><td>04103</td><td>Andacollo</td></tr><tr><td>09201</td><td>Angol</td></tr><tr><td>12202</td><td>Antartica</td></tr><tr><td>02101</td><td>Antofagasta</td></tr><tr><td>08302</td><td>Antuco</td></tr><tr><td>08202</td><td>Arauco</td></tr><tr><td>15101</td><td>Arica</td></tr><tr><td>11201</td><td>Aysén</td></tr><tr><td>13402</td><td>Buin</td></tr><tr><td>16102</td><td>Bulnes</td></tr><tr><td>05402</td><td>Cabildo</td></tr><tr><td>12201</td><td>Cabo de Hornos</td></tr><tr><td>08303</td><td>Cabrero</td></tr><tr><td>02201</td><td>Calama</td></tr><tr><td>10102</td><td>Calbuco</td></tr><tr><td>03102</td><td>Caldera</td></tr><tr><td>05502</td><td>Calera</td></tr><tr><td>13403</td><td>Calera de Tango</td></tr><tr><td>05302</td><td>Calle Larga</td></tr><tr><td>15102</td><td>Camarones</td></tr><tr><td>01402</td><td>Camiña</td></tr><tr><td>04202</td><td>Canela</td></tr><tr><td>08203</td><td>Cañete</td></tr><tr><td>09102</td><td>Carahue</td></tr><tr><td>05603</td><td>Cartagena</td></tr><tr><td>05102</td><td>Casablanca</td></tr><tr><td>10201</td><td>Castro</td></tr><tr><td>05702</td><td>Catemu</td></tr><tr><td>07201</td><td>Cauquenes</td></tr><tr><td>13102</td><td>Cerrillos</td></tr><tr><td>13103</td><td>Cerro Navia</td></tr><tr><td>10401</td><td>Chaitén</td></tr><tr><td>03201</td><td>Chañaral</td></tr><tr><td>07202</td><td>Chanco</td></tr><tr><td>06302</td><td>Chépica</td></tr><tr><td>08103</td><td>Chiguayante</td></tr><tr><td>11401</td><td>Chile Chico</td></tr><tr><td>16101</td><td>Chillán</td></tr><tr><td>16103</td><td>Chillán Viejo</td></tr><tr><td>06303</td><td>Chimbarongo</td></tr><tr><td>09121</td><td>Cholchol</td></tr><tr><td>10203</td><td>Chonchi</td></tr><tr><td>11202</td><td>Cisnes</td></tr><tr><td>16202</td><td>Cobquecura</td></tr><tr><td>10103</td><td>Cochamó</td></tr><tr><td>11301</td><td>Cochrane</td></tr><tr><td>06102</td><td>Codegua</td></tr><tr><td>16203</td><td>Coelemu</td></tr><tr><td>11101</td><td>Coihaique</td></tr><tr><td>16302</td><td>Coihueco</td></tr><tr><td>06103</td><td>Coinco</td></tr><tr><td>07402</td><td>Colbún</td></tr><tr><td>01403</td><td>Colchane</td></tr><tr><td>13301</td><td>Colina</td></tr><tr><td>09202</td><td>Collipulli</td></tr><tr><td>06104</td><td>Coltauco</td></tr><tr><td>04302</td><td>Combarbalá</td></tr><tr><td>08101</td><td>Concepción</td></tr><tr><td>13104</td><td>Conchalí</td></tr><tr><td>05103</td><td>Concón</td></tr><tr><td>07102</td><td>Constitución</td></tr><tr><td>08204</td><td>Contulmo</td></tr><tr><td>03101</td><td>Copiapó</td></tr><tr><td>04102</td><td>Coquimbo</td></tr><tr><td>08102</td><td>Coronel</td></tr><tr><td>14102</td><td>Corral</td></tr><tr><td>09103</td><td>Cunco</td></tr><tr><td>09203</td><td>Curacautín</td></tr><tr><td>13503</td><td>Curacaví</td></tr><tr><td>10204</td><td>Curaco de Vélez</td></tr><tr><td>08205</td><td>Curanilahue</td></tr><tr><td>09104</td><td>Curarrehue</td></tr><tr><td>07103</td><td>Curepto</td></tr><tr><td>07301</td><td>Curicó</td></tr><tr><td>10205</td><td>Dalcahue</td></tr><tr><td>03202</td><td>Diego de Almagro</td></tr><tr><td>06105</td><td>Doñihue</td></tr><tr><td>13105</td><td>El Bosque</td></tr><tr><td>16104</td><td>El Carmen</td></tr><tr><td>13602</td><td>El Monte</td></tr><tr><td>05604</td><td>El Quisco</td></tr><tr><td>05605</td><td>El Tabo</td></tr><tr><td>07104</td><td>Empedrado</td></tr><tr><td>09204</td><td>Ercilla</td></tr><tr><td>13106</td><td>Estacin Central</td></tr><tr><td>08104</td><td>Florida</td></tr><tr><td>09105</td><td>Freire</td></tr><tr><td>03303</td><td>Freirina</td></tr><tr><td>10104</td><td>Fresia</td></tr><tr><td>10105</td><td>Frutillar</td></tr><tr><td>10402</td><td>Futaleufú</td></tr><tr><td>14202</td><td>Futrono</td></tr><tr><td>09106</td><td>Galvarino</td></tr><tr><td>15202</td><td>General Lagos</td></tr><tr><td>09107</td><td>Gorbea</td></tr><tr><td>06106</td><td>Graneros</td></tr><tr><td>11203</td><td>Guaitecas</td></tr><tr><td>05503</td><td>Hijuelas</td></tr><tr><td>10403</td><td>Hualaihué</td></tr><tr><td>07302</td><td>Hualañé</td></tr><tr><td>08112</td><td>Hualpén</td></tr><tr><td>08105</td><td>Hualqui</td></tr><tr><td>01404</td><td>Huara</td></tr><tr><td>03304</td><td>Huasco</td></tr><tr><td>13107</td><td>Huechuraba</td></tr><tr><td>04201</td><td>Illapel</td></tr><tr><td>13108</td><td>Independencia</td></tr><tr><td>01101</td><td>Iquique</td></tr><tr><td>13603</td><td>Isla de Maipo</td></tr><tr><td>05201</td><td>Isla de Pascua</td></tr><tr><td>05104</td><td>Juan Fernández</td></tr><tr><td>13109</td><td>La Cisterna</td></tr><tr><td>05504</td><td>La Cruz</td></tr><tr><td>06202</td><td>La Estrella</td></tr><tr><td>13110</td><td>La Florida</td></tr><tr><td>13111</td><td>La Granja</td></tr><tr><td>04104</td><td>La Higuera</td></tr><tr><td>05401</td><td>La Ligua</td></tr><tr><td>13112</td><td>La Pintana</td></tr><tr><td>13113</td><td>La Reina</td></tr><tr><td>04101</td><td>La Serena</td></tr><tr><td>14201</td><td>La Unión</td></tr><tr><td>14203</td><td>Lago Ranco</td></tr><tr><td>11102</td><td>Lago Verde</td></tr><tr><td>12102</td><td>Laguna Blanca</td></tr><tr><td>08304</td><td>Laja</td></tr><tr><td>13302</td><td>Lampa</td></tr><tr><td>14103</td><td>Lanco</td></tr><tr><td>06107</td><td>Las Cabras</td></tr><tr><td>13114</td><td>Las Condes</td></tr><tr><td>09108</td><td>Lautaro</td></tr><tr><td>08201</td><td>Lebu</td></tr><tr><td>07303</td><td>Licantén</td></tr><tr><td>05802</td><td>Limache</td></tr><tr><td>07401</td><td>Linares</td></tr><tr><td>06203</td><td>Litueche</td></tr><tr><td>05703</td><td>Llaillay</td></tr><tr><td>10107</td><td>Llanquihue</td></tr><tr><td>13115</td><td>Lo Barnechea</td></tr><tr><td>13116</td><td>Lo Espejo</td></tr><tr><td>13117</td><td>Lo Prado</td></tr><tr><td>06304</td><td>Lolol</td></tr><tr><td>09109</td><td>Loncoche</td></tr><tr><td>07403</td><td>Longaví</td></tr><tr><td>09205</td><td>Lonquimay</td></tr><tr><td>08206</td><td>Los Álamos</td></tr><tr><td>05301</td><td>Los Andes</td></tr><tr><td>08301</td><td>Los Ángeles</td></tr><tr><td>14104</td><td>Los Lagos</td></tr><tr><td>10106</td><td>Los Muermos</td></tr><tr><td>09206</td><td>Los Sauces</td></tr><tr><td>04203</td><td>Los Vilos</td></tr><tr><td>08106</td><td>Lota</td></tr><tr><td>09207</td><td>Lumaco</td></tr><tr><td>06108</td><td>Machalí</td></tr><tr><td>13118</td><td>Macul</td></tr><tr><td>14105</td><td>Máfil</td></tr><tr><td>13119</td><td>Maipú</td></tr><tr><td>06109</td><td>Malloa</td></tr><tr><td>06204</td><td>Marchihue</td></tr><tr><td>02302</td><td>María Elena</td></tr><tr><td>13504</td><td>María Pinto</td></tr><tr><td>14106</td><td>Mariquina</td></tr><tr><td>07105</td><td>Maule</td></tr><tr><td>10108</td><td>Maullín</td></tr><tr><td>02102</td><td>Mejillones</td></tr><tr><td>09110</td><td>Melipeuco</td></tr><tr><td>13501</td><td>Melipilla</td></tr><tr><td>07304</td><td>Molina</td></tr><tr><td>04303</td><td>Monte Patria</td></tr><tr><td>06110</td><td>Mostazal</td></tr><tr><td>08305</td><td>Mulchén</td></tr><tr><td>08306</td><td>Nacimiento</td></tr><tr><td>06305</td><td>Nancagua</td></tr><tr><td>12401</td><td>Natales</td></tr><tr><td>06205</td><td>Navidad</td></tr><tr><td>08307</td><td>Negrete</td></tr><tr><td>16204</td><td>Ninhue</td></tr><tr><td>16303</td><td>Ñiquén</td></tr><tr><td>05506</td><td>Nogales</td></tr><tr><td>09111</td><td>Nueva Imperial</td></tr><tr><td>13120</td><td>ÑuÑoa</td></tr><tr><td>06111</td><td>Olivar</td></tr><tr><td>02202</td><td>Ollagüe</td></tr><tr><td>05803</td><td>Olmué</td></tr><tr><td>10301</td><td>Osorno</td></tr><tr><td>04301</td><td>Ovalle</td></tr><tr><td>11302</td><td>O'Higgins</td></tr><tr><td>13604</td><td>Padre Hurtado</td></tr><tr><td>09112</td><td>Padre las Casas</td></tr><tr><td>04105</td><td>Paiguano</td></tr><tr><td>14107</td><td>Paillaco</td></tr><tr><td>13404</td><td>Paine</td></tr><tr><td>10404</td><td>Palena</td></tr><tr><td>06306</td><td>Palmilla</td></tr><tr><td>14108</td><td>Panguipulli</td></tr><tr><td>05704</td><td>Panquehue</td></tr><tr><td>05403</td><td>Papudo</td></tr><tr><td>06206</td><td>Paredones</td></tr><tr><td>07404</td><td>Parral</td></tr><tr><td>13121</td><td>Pedro Aguirre Cerda</td></tr><tr><td>07106</td><td>Pelarco</td></tr><tr><td>07203</td><td>Pelluhue</td></tr><tr><td>16105</td><td>Pemuco</td></tr><tr><td>13605</td><td>Peñaflor</td></tr><tr><td>13122</td><td>Peñalolén</td></tr><tr><td>07107</td><td>Pencahue</td></tr><tr><td>08107</td><td>Penco</td></tr><tr><td>06307</td><td>Peralillo</td></tr><tr><td>09113</td><td>Perquenco</td></tr><tr><td>05404</td><td>Petorca</td></tr><tr><td>06112</td><td>Peumo</td></tr><tr><td>01405</td><td>Pica</td></tr><tr><td>06113</td><td>Pichidegua</td></tr><tr><td>06201</td><td>Pichilemu</td></tr><tr><td>16106</td><td>Pinto</td></tr><tr><td>13202</td><td>Pirque</td></tr><tr><td>09114</td><td>Pitrufquén</td></tr><tr><td>06308</td><td>Placilla</td></tr><tr><td>16205</td><td>Portezuelo</td></tr><tr><td>12301</td><td>Porvenir</td></tr><tr><td>01401</td><td>Pozo Almonte</td></tr><tr><td>12302</td><td>Primavera</td></tr><tr><td>13123</td><td>Providencia</td></tr><tr><td>05105</td><td>Puchuncaví</td></tr><tr><td>09115</td><td>Pucón</td></tr><tr><td>13124</td><td>Pudahuel</td></tr><tr><td>13201</td><td>Puente Alto</td></tr><tr><td>10101</td><td>Puerto Montt</td></tr><tr><td>10302</td><td>Puerto Octay</td></tr><tr><td>10109</td><td>Puerto Varas</td></tr><tr><td>06309</td><td>Pumanque</td></tr><tr><td>04304</td><td>Punitaqui</td></tr><tr><td>12101</td><td>Punta Arenas</td></tr><tr><td>10206</td><td>Puqueldón</td></tr><tr><td>09208</td><td>Purén</td></tr><tr><td>10303</td><td>Purranque</td></tr><tr><td>05705</td><td>Putaendo</td></tr><tr><td>15201</td><td>Putre</td></tr><tr><td>10304</td><td>Puyehue</td></tr><tr><td>10207</td><td>Queilén</td></tr><tr><td>10208</td><td>Quellón</td></tr><tr><td>10209</td><td>Quemchi</td></tr><tr><td>08308</td><td>Quilaco</td></tr><tr><td>13125</td><td>Quilicura</td></tr><tr><td>08309</td><td>Quilleco</td></tr><tr><td>16107</td><td>Quillón</td></tr><tr><td>05501</td><td>Quillota</td></tr><tr><td>05801</td><td>Quilpué</td></tr><tr><td>10210</td><td>Quinchao</td></tr><tr><td>06114</td><td>Quinta de Tilcoco</td></tr><tr><td>13126</td><td>Quinta Normal</td></tr><tr><td>05107</td><td>Quintero</td></tr><tr><td>16201</td><td>Quirihue</td></tr><tr><td>06101</td><td>Rancagua</td></tr><tr><td>16206</td><td>Ránquil</td></tr><tr><td>07305</td><td>Rauco</td></tr><tr><td>13127</td><td>Recoleta</td></tr><tr><td>09209</td><td>Renaico</td></tr><tr><td>13128</td><td>Renca</td></tr><tr><td>06115</td><td>Rengo</td></tr><tr><td>06116</td><td>Requínoa</td></tr><tr><td>07405</td><td>Retiro</td></tr><tr><td>05303</td><td>Rinconada</td></tr><tr><td>14204</td><td>Río Bueno</td></tr><tr><td>07108</td><td>Río Claro</td></tr><tr><td>04305</td><td>Río Hurtado</td></tr><tr><td>11402</td><td>Río Ibáñez</td></tr><tr><td>10305</td><td>Río Negro</td></tr><tr><td>12103</td><td>Río Verde</td></tr><tr><td>07306</td><td>Romeral</td></tr><tr><td>09116</td><td>Saavedra</td></tr><tr><td>07307</td><td>Sagrada Familia</td></tr><tr><td>04204</td><td>Salamanca</td></tr><tr><td>05601</td><td>San Antonio</td></tr><tr><td>13401</td><td>San Bernardo</td></tr><tr><td>16301</td><td>San Carlos</td></tr><tr><td>07109</td><td>San Clemente</td></tr><tr><td>05304</td><td>San Esteban</td></tr><tr><td>16304</td><td>San Fabián</td></tr><tr><td>05701</td><td>San Felipe</td></tr><tr><td>06301</td><td>San Fernando</td></tr><tr><td>12104</td><td>San Gregorio</td></tr><tr><td>16108</td><td>San Ignacio</td></tr><tr><td>07406</td><td>San Javier</td></tr><tr><td>13129</td><td>San Joaquín</td></tr><tr><td>13203</td><td>San José de Maipo</td></tr><tr><td>10306</td><td>San Juan de la Costa</td></tr><tr><td>13130</td><td>San Miguel</td></tr><tr><td>16305</td><td>San Nicolás</td></tr><tr><td>10307</td><td>San Pablo</td></tr><tr><td>13505</td><td>San Pedro</td></tr><tr><td>02203</td><td>San Pedro de Atacama</td></tr><tr><td>08108</td><td>San Pedro de la Paz</td></tr><tr><td>07110</td><td>San Rafael</td></tr><tr><td>13131</td><td>San Ramón</td></tr><tr><td>08310</td><td>San Rosendo</td></tr><tr><td>06117</td><td>San Vicente</td></tr><tr><td>08311</td><td>Santa Bárbara</td></tr><tr><td>06310</td><td>Santa Cruz</td></tr><tr><td>08109</td><td>Santa Juana</td></tr><tr><td>05706</td><td>Santa María</td></tr><tr><td>13101</td><td>Santiago Centro</td></tr><tr><td>05606</td><td>Santo Domingo</td></tr><tr><td>02103</td><td>Sierra Gorda</td></tr><tr><td>13601</td><td>Talagante</td></tr><tr><td>07101</td><td>Talca</td></tr><tr><td>08110</td><td>Talcahuano</td></tr><tr><td>02104</td><td>Taltal</td></tr><tr><td>09101</td><td>Temuco</td></tr><tr><td>07308</td><td>Teno</td></tr><tr><td>09117</td><td>Teodoro Schmidt</td></tr><tr><td>03103</td><td>Tierra Amarilla</td></tr><tr><td>13303</td><td>Tiltil</td></tr><tr><td>12303</td><td>Timaukel</td></tr><tr><td>08207</td><td>Tirúa</td></tr><tr><td>02301</td><td>Tocopilla</td></tr><tr><td>09118</td><td>Toltén</td></tr><tr><td>08111</td><td>Tomé</td></tr><tr><td>12402</td><td>Torres del Paine</td></tr><tr><td>11303</td><td>Tortel</td></tr><tr><td>09210</td><td>Traiguén</td></tr><tr><td>16207</td><td>Treguaco</td></tr><tr><td>08312</td><td>Tucapel</td></tr><tr><td>14101</td><td>Valdivia</td></tr><tr><td>03301</td><td>Vallenar</td></tr><tr><td>05101</td><td>Valparaíso</td></tr><tr><td>07309</td><td>Vichuqué</td></tr><tr><td>09211</td><td>Victoria</td></tr><tr><td>04106</td><td>Vicuña</td></tr><tr><td>09119</td><td>Vilcún</td></tr><tr><td>07407</td><td>Villa Alegre</td></tr><tr><td>05804</td><td>Villa Alemana</td></tr><tr><td>09120</td><td>Villarrica</td></tr><tr><td>05109</td><td>Viña del Mar</td></tr><tr><td>13132</td><td>Vitacura</td></tr><tr><td>07408</td><td>Yerbas Buenas</td></tr><tr><td>08313</td><td>Yumbel</td></tr><tr><td>16109</td><td>Yungay</td></tr><tr><td>05405</td><td>Zapallar</td></tr></table></li></ul></div>"
  },
  "url": "http://core.hl7chile.cl/ValueSet/CodNacComunas",
  "version": "0.85 (Ballot Pendiente)",
  "name": "CodComunas",
  "title": "Códigos de Comunas en Chile",
  "status": "active",
  "date": "2021-10-27T20:46:13-03:00",
  "contact": [
    {
      "name": "Pablo Pizzaro",
      "telecom": [
        {
          "system": "email",
          "value": "ppizarro.delgado@minsal.cl"
        }
      ]
    }
  ],
  "description": "Codigos definidos para identificar una comuna en Chile. Estos aún deben ser llevados a un ValueSet",
  "jurisdiction": [
    {
      "coding": [
        {
          "system": "urn:iso:std:iso:3166",
          "code": "CL",
          "display": "Chile"
        }
      ]
    }
  ],
  "compose": {
    "include": [
      {
        "system": "https://apis.digital.gob.cl/dpa/comunas/",
        "concept": [
          {
            "code": "05602",
            "display": "Algarrobo"
          },
          {
            "code": "13502",
            "display": "Alhué"
          },
          {
            "code": "08314",
            "display": "Alto Biobío"
          },
          {
            "code": "03302",
            "display": "Alto del Carmen"
          },
          {
            "code": "01107",
            "display": "Alto Hospicio"
          },
          {
            "code": "10202",
            "display": "Ancud"
          },
          {
            "code": "04103",
            "display": "Andacollo"
          },
          {
            "code": "09201",
            "display": "Angol"
          },
          {
            "code": "12202",
            "display": "Antartica"
          },
          {
            "code": "02101",
            "display": "Antofagasta"
          },
          {
            "code": "08302",
            "display": "Antuco"
          },
          {
            "code": "08202",
            "display": "Arauco"
          },
          {
            "code": "15101",
            "display": "Arica"
          },
          {
            "code": "11201",
            "display": "Aysén"
          },
          {
            "code": "13402",
            "display": "Buin"
          },
          {
            "code": "16102",
            "display": "Bulnes"
          },
          {
            "code": "05402",
            "display": "Cabildo"
          },
          {
            "code": "12201",
            "display": "Cabo de Hornos"
          },
          {
            "code": "08303",
            "display": "Cabrero"
          },
          {
            "code": "02201",
            "display": "Calama"
          },
          {
            "code": "10102",
            "display": "Calbuco"
          },
          {
            "code": "03102",
            "display": "Caldera"
          },
          {
            "code": "05502",
            "display": "Calera"
          },
          {
            "code": "13403",
            "display": "Calera de Tango"
          },
          {
            "code": "05302",
            "display": "Calle Larga"
          },
          {
            "code": "15102",
            "display": "Camarones"
          },
          {
            "code": "01402",
            "display": "Camiña"
          },
          {
            "code": "04202",
            "display": "Canela"
          },
          {
            "code": "08203",
            "display": "Cañete"
          },
          {
            "code": "09102",
            "display": "Carahue"
          },
          {
            "code": "05603",
            "display": "Cartagena"
          },
          {
            "code": "05102",
            "display": "Casablanca"
          },
          {
            "code": "10201",
            "display": "Castro"
          },
          {
            "code": "05702",
            "display": "Catemu"
          },
          {
            "code": "07201",
            "display": "Cauquenes"
          },
          {
            "code": "13102",
            "display": "Cerrillos"
          },
          {
            "code": "13103",
            "display": "Cerro Navia"
          },
          {
            "code": "10401",
            "display": "Chaitén"
          },
          {
            "code": "03201",
            "display": "Chañaral"
          },
          {
            "code": "07202",
            "display": "Chanco"
          },
          {
            "code": "06302",
            "display": "Chépica"
          },
          {
            "code": "08103",
            "display": "Chiguayante"
          },
          {
            "code": "11401",
            "display": "Chile Chico"
          },
          {
            "code": "16101",
            "display": "Chillán"
          },
          {
            "code": "16103",
            "display": "Chillán Viejo"
          },
          {
            "code": "06303",
            "display": "Chimbarongo"
          },
          {
            "code": "09121",
            "display": "Cholchol"
          },
          {
            "code": "10203",
            "display": "Chonchi"
          },
          {
            "code": "11202",
            "display": "Cisnes"
          },
          {
            "code": "16202",
            "display": "Cobquecura"
          },
          {
            "code": "10103",
            "display": "Cochamó"
          },
          {
            "code": "11301",
            "display": "Cochrane"
          },
          {
            "code": "06102",
            "display": "Codegua"
          },
          {
            "code": "16203",
            "display": "Coelemu"
          },
          {
            "code": "11101",
            "display": "Coihaique"
          },
          {
            "code": "16302",
            "display": "Coihueco"
          },
          {
            "code": "06103",
            "display": "Coinco"
          },
          {
            "code": "07402",
            "display": "Colbún"
          },
          {
            "code": "01403",
            "display": "Colchane"
          },
          {
            "code": "13301",
            "display": "Colina"
          },
          {
            "code": "09202",
            "display": "Collipulli"
          },
          {
            "code": "06104",
            "display": "Coltauco"
          },
          {
            "code": "04302",
            "display": "Combarbalá"
          },
          {
            "code": "08101",
            "display": "Concepción"
          },
          {
            "code": "13104",
            "display": "Conchalí"
          },
          {
            "code": "05103",
            "display": "Concón"
          },
          {
            "code": "07102",
            "display": "Constitución"
          },
          {
            "code": "08204",
            "display": "Contulmo"
          },
          {
            "code": "03101",
            "display": "Copiapó"
          },
          {
            "code": "04102",
            "display": "Coquimbo"
          },
          {
            "code": "08102",
            "display": "Coronel"
          },
          {
            "code": "14102",
            "display": "Corral"
          },
          {
            "code": "09103",
            "display": "Cunco"
          },
          {
            "code": "09203",
            "display": "Curacautín"
          },
          {
            "code": "13503",
            "display": "Curacaví"
          },
          {
            "code": "10204",
            "display": "Curaco de Vélez"
          },
          {
            "code": "08205",
            "display": "Curanilahue"
          },
          {
            "code": "09104",
            "display": "Curarrehue"
          },
          {
            "code": "07103",
            "display": "Curepto"
          },
          {
            "code": "07301",
            "display": "Curicó"
          },
          {
            "code": "10205",
            "display": "Dalcahue"
          },
          {
            "code": "03202",
            "display": "Diego de Almagro"
          },
          {
            "code": "06105",
            "display": "Doñihue"
          },
          {
            "code": "13105",
            "display": "El Bosque"
          },
          {
            "code": "16104",
            "display": "El Carmen"
          },
          {
            "code": "13602",
            "display": "El Monte"
          },
          {
            "code": "05604",
            "display": "El Quisco"
          },
          {
            "code": "05605",
            "display": "El Tabo"
          },
          {
            "code": "07104",
            "display": "Empedrado"
          },
          {
            "code": "09204",
            "display": "Ercilla"
          },
          {
            "code": "13106",
            "display": "Estacin Central"
          },
          {
            "code": "08104",
            "display": "Florida"
          },
          {
            "code": "09105",
            "display": "Freire"
          },
          {
            "code": "03303",
            "display": "Freirina"
          },
          {
            "code": "10104",
            "display": "Fresia"
          },
          {
            "code": "10105",
            "display": "Frutillar"
          },
          {
            "code": "10402",
            "display": "Futaleufú"
          },
          {
            "code": "14202",
            "display": "Futrono"
          },
          {
            "code": "09106",
            "display": "Galvarino"
          },
          {
            "code": "15202",
            "display": "General Lagos"
          },
          {
            "code": "09107",
            "display": "Gorbea"
          },
          {
            "code": "06106",
            "display": "Graneros"
          },
          {
            "code": "11203",
            "display": "Guaitecas"
          },
          {
            "code": "05503",
            "display": "Hijuelas"
          },
          {
            "code": "10403",
            "display": "Hualaihué"
          },
          {
            "code": "07302",
            "display": "Hualañé"
          },
          {
            "code": "08112",
            "display": "Hualpén"
          },
          {
            "code": "08105",
            "display": "Hualqui"
          },
          {
            "code": "01404",
            "display": "Huara"
          },
          {
            "code": "03304",
            "display": "Huasco"
          },
          {
            "code": "13107",
            "display": "Huechuraba"
          },
          {
            "code": "04201",
            "display": "Illapel"
          },
          {
            "code": "13108",
            "display": "Independencia"
          },
          {
            "code": "01101",
            "display": "Iquique"
          },
          {
            "code": "13603",
            "display": "Isla de Maipo"
          },
          {
            "code": "05201",
            "display": "Isla de Pascua"
          },
          {
            "code": "05104",
            "display": "Juan Fernández"
          },
          {
            "code": "13109",
            "display": "La Cisterna"
          },
          {
            "code": "05504",
            "display": "La Cruz"
          },
          {
            "code": "06202",
            "display": "La Estrella"
          },
          {
            "code": "13110",
            "display": "La Florida"
          },
          {
            "code": "13111",
            "display": "La Granja"
          },
          {
            "code": "04104",
            "display": "La Higuera"
          },
          {
            "code": "05401",
            "display": "La Ligua"
          },
          {
            "code": "13112",
            "display": "La Pintana"
          },
          {
            "code": "13113",
            "display": "La Reina"
          },
          {
            "code": "04101",
            "display": "La Serena"
          },
          {
            "code": "14201",
            "display": "La Unión"
          },
          {
            "code": "14203",
            "display": "Lago Ranco"
          },
          {
            "code": "11102",
            "display": "Lago Verde"
          },
          {
            "code": "12102",
            "display": "Laguna Blanca"
          },
          {
            "code": "08304",
            "display": "Laja"
          },
          {
            "code": "13302",
            "display": "Lampa"
          },
          {
            "code": "14103",
            "display": "Lanco"
          },
          {
            "code": "06107",
            "display": "Las Cabras"
          },
          {
            "code": "13114",
            "display": "Las Condes"
          },
          {
            "code": "09108",
            "display": "Lautaro"
          },
          {
            "code": "08201",
            "display": "Lebu"
          },
          {
            "code": "07303",
            "display": "Licantén"
          },
          {
            "code": "05802",
            "display": "Limache"
          },
          {
            "code": "07401",
            "display": "Linares"
          },
          {
            "code": "06203",
            "display": "Litueche"
          },
          {
            "code": "05703",
            "display": "Llaillay"
          },
          {
            "code": "10107",
            "display": "Llanquihue"
          },
          {
            "code": "13115",
            "display": "Lo Barnechea"
          },
          {
            "code": "13116",
            "display": "Lo Espejo"
          },
          {
            "code": "13117",
            "display": "Lo Prado"
          },
          {
            "code": "06304",
            "display": "Lolol"
          },
          {
            "code": "09109",
            "display": "Loncoche"
          },
          {
            "code": "07403",
            "display": "Longaví"
          },
          {
            "code": "09205",
            "display": "Lonquimay"
          },
          {
            "code": "08206",
            "display": "Los Álamos"
          },
          {
            "code": "05301",
            "display": "Los Andes"
          },
          {
            "code": "08301",
            "display": "Los Ángeles"
          },
          {
            "code": "14104",
            "display": "Los Lagos"
          },
          {
            "code": "10106",
            "display": "Los Muermos"
          },
          {
            "code": "09206",
            "display": "Los Sauces"
          },
          {
            "code": "04203",
            "display": "Los Vilos"
          },
          {
            "code": "08106",
            "display": "Lota"
          },
          {
            "code": "09207",
            "display": "Lumaco"
          },
          {
            "code": "06108",
            "display": "Machalí"
          },
          {
            "code": "13118",
            "display": "Macul"
          },
          {
            "code": "14105",
            "display": "Máfil"
          },
          {
            "code": "13119",
            "display": "Maipú"
          },
          {
            "code": "06109",
            "display": "Malloa"
          },
          {
            "code": "06204",
            "display": "Marchihue"
          },
          {
            "code": "02302",
            "display": "María Elena"
          },
          {
            "code": "13504",
            "display": "María Pinto"
          },
          {
            "code": "14106",
            "display": "Mariquina"
          },
          {
            "code": "07105",
            "display": "Maule"
          },
          {
            "code": "10108",
            "display": "Maullín"
          },
          {
            "code": "02102",
            "display": "Mejillones"
          },
          {
            "code": "09110",
            "display": "Melipeuco"
          },
          {
            "code": "13501",
            "display": "Melipilla"
          },
          {
            "code": "07304",
            "display": "Molina"
          },
          {
            "code": "04303",
            "display": "Monte Patria"
          },
          {
            "code": "06110",
            "display": "Mostazal"
          },
          {
            "code": "08305",
            "display": "Mulchén"
          },
          {
            "code": "08306",
            "display": "Nacimiento"
          },
          {
            "code": "06305",
            "display": "Nancagua"
          },
          {
            "code": "12401",
            "display": "Natales"
          },
          {
            "code": "06205",
            "display": "Navidad"
          },
          {
            "code": "08307",
            "display": "Negrete"
          },
          {
            "code": "16204",
            "display": "Ninhue"
          },
          {
            "code": "16303",
            "display": "Ñiquén"
          },
          {
            "code": "05506",
            "display": "Nogales"
          },
          {
            "code": "09111",
            "display": "Nueva Imperial"
          },
          {
            "code": "13120",
            "display": "ÑuÑoa"
          },
          {
            "code": "06111",
            "display": "Olivar"
          },
          {
            "code": "02202",
            "display": "Ollagüe"
          },
          {
            "code": "05803",
            "display": "Olmué"
          },
          {
            "code": "10301",
            "display": "Osorno"
          },
          {
            "code": "04301",
            "display": "Ovalle"
          },
          {
            "code": "11302",
            "display": "O'Higgins"
          },
          {
            "code": "13604",
            "display": "Padre Hurtado"
          },
          {
            "code": "09112",
            "display": "Padre las Casas"
          },
          {
            "code": "04105",
            "display": "Paiguano"
          },
          {
            "code": "14107",
            "display": "Paillaco"
          },
          {
            "code": "13404",
            "display": "Paine"
          },
          {
            "code": "10404",
            "display": "Palena"
          },
          {
            "code": "06306",
            "display": "Palmilla"
          },
          {
            "code": "14108",
            "display": "Panguipulli"
          },
          {
            "code": "05704",
            "display": "Panquehue"
          },
          {
            "code": "05403",
            "display": "Papudo"
          },
          {
            "code": "06206",
            "display": "Paredones"
          },
          {
            "code": "07404",
            "display": "Parral"
          },
          {
            "code": "13121",
            "display": "Pedro Aguirre Cerda"
          },
          {
            "code": "07106",
            "display": "Pelarco"
          },
          {
            "code": "07203",
            "display": "Pelluhue"
          },
          {
            "code": "16105",
            "display": "Pemuco"
          },
          {
            "code": "13605",
            "display": "Peñaflor"
          },
          {
            "code": "13122",
            "display": "Peñalolén"
          },
          {
            "code": "07107",
            "display": "Pencahue"
          },
          {
            "code": "08107",
            "display": "Penco"
          },
          {
            "code": "06307",
            "display": "Peralillo"
          },
          {
            "code": "09113",
            "display": "Perquenco"
          },
          {
            "code": "05404",
            "display": "Petorca"
          },
          {
            "code": "06112",
            "display": "Peumo"
          },
          {
            "code": "01405",
            "display": "Pica"
          },
          {
            "code": "06113",
            "display": "Pichidegua"
          },
          {
            "code": "06201",
            "display": "Pichilemu"
          },
          {
            "code": "16106",
            "display": "Pinto"
          },
          {
            "code": "13202",
            "display": "Pirque"
          },
          {
            "code": "09114",
            "display": "Pitrufquén"
          },
          {
            "code": "06308",
            "display": "Placilla"
          },
          {
            "code": "16205",
            "display": "Portezuelo"
          },
          {
            "code": "12301",
            "display": "Porvenir"
          },
          {
            "code": "01401",
            "display": "Pozo Almonte"
          },
          {
            "code": "12302",
            "display": "Primavera"
          },
          {
            "code": "13123",
            "display": "Providencia"
          },
          {
            "code": "05105",
            "display": "Puchuncaví"
          },
          {
            "code": "09115",
            "display": "Pucón"
          },
          {
            "code": "13124",
            "display": "Pudahuel"
          },
          {
            "code": "13201",
            "display": "Puente Alto"
          },
          {
            "code": "10101",
            "display": "Puerto Montt"
          },
          {
            "code": "10302",
            "display": "Puerto Octay"
          },
          {
            "code": "10109",
            "display": "Puerto Varas"
          },
          {
            "code": "06309",
            "display": "Pumanque"
          },
          {
            "code": "04304",
            "display": "Punitaqui"
          },
          {
            "code": "12101",
            "display": "Punta Arenas"
          },
          {
            "code": "10206",
            "display": "Puqueldón"
          },
          {
            "code": "09208",
            "display": "Purén"
          },
          {
            "code": "10303",
            "display": "Purranque"
          },
          {
            "code": "05705",
            "display": "Putaendo"
          },
          {
            "code": "15201",
            "display": "Putre"
          },
          {
            "code": "10304",
            "display": "Puyehue"
          },
          {
            "code": "10207",
            "display": "Queilén"
          },
          {
            "code": "10208",
            "display": "Quellón"
          },
          {
            "code": "10209",
            "display": "Quemchi"
          },
          {
            "code": "08308",
            "display": "Quilaco"
          },
          {
            "code": "13125",
            "display": "Quilicura"
          },
          {
            "code": "08309",
            "display": "Quilleco"
          },
          {
            "code": "16107",
            "display": "Quillón"
          },
          {
            "code": "05501",
            "display": "Quillota"
          },
          {
            "code": "05801",
            "display": "Quilpué"
          },
          {
            "code": "10210",
            "display": "Quinchao"
          },
          {
            "code": "06114",
            "display": "Quinta de Tilcoco"
          },
          {
            "code": "13126",
            "display": "Quinta Normal"
          },
          {
            "code": "05107",
            "display": "Quintero"
          },
          {
            "code": "16201",
            "display": "Quirihue"
          },
          {
            "code": "06101",
            "display": "Rancagua"
          },
          {
            "code": "16206",
            "display": "Ránquil"
          },
          {
            "code": "07305",
            "display": "Rauco"
          },
          {
            "code": "13127",
            "display": "Recoleta"
          },
          {
            "code": "09209",
            "display": "Renaico"
          },
          {
            "code": "13128",
            "display": "Renca"
          },
          {
            "code": "06115",
            "display": "Rengo"
          },
          {
            "code": "06116",
            "display": "Requínoa"
          },
          {
            "code": "07405",
            "display": "Retiro"
          },
          {
            "code": "05303",
            "display": "Rinconada"
          },
          {
            "code": "14204",
            "display": "Río Bueno"
          },
          {
            "code": "07108",
            "display": "Río Claro"
          },
          {
            "code": "04305",
            "display": "Río Hurtado"
          },
          {
            "code": "11402",
            "display": "Río Ibáñez"
          },
          {
            "code": "10305",
            "display": "Río Negro"
          },
          {
            "code": "12103",
            "display": "Río Verde"
          },
          {
            "code": "07306",
            "display": "Romeral"
          },
          {
            "code": "09116",
            "display": "Saavedra"
          },
          {
            "code": "07307",
            "display": "Sagrada Familia"
          },
          {
            "code": "04204",
            "display": "Salamanca"
          },
          {
            "code": "05601",
            "display": "San Antonio"
          },
          {
            "code": "13401",
            "display": "San Bernardo"
          },
          {
            "code": "16301",
            "display": "San Carlos"
          },
          {
            "code": "07109",
            "display": "San Clemente"
          },
          {
            "code": "05304",
            "display": "San Esteban"
          },
          {
            "code": "16304",
            "display": "San Fabián"
          },
          {
            "code": "05701",
            "display": "San Felipe"
          },
          {
            "code": "06301",
            "display": "San Fernando"
          },
          {
            "code": "12104",
            "display": "San Gregorio"
          },
          {
            "code": "16108",
            "display": "San Ignacio"
          },
          {
            "code": "07406",
            "display": "San Javier"
          },
          {
            "code": "13129",
            "display": "San Joaquín"
          },
          {
            "code": "13203",
            "display": "San José de Maipo"
          },
          {
            "code": "10306",
            "display": "San Juan de la Costa"
          },
          {
            "code": "13130",
            "display": "San Miguel"
          },
          {
            "code": "16305",
            "display": "San Nicolás"
          },
          {
            "code": "10307",
            "display": "San Pablo"
          },
          {
            "code": "13505",
            "display": "San Pedro"
          },
          {
            "code": "02203",
            "display": "San Pedro de Atacama"
          },
          {
            "code": "08108",
            "display": "San Pedro de la Paz"
          },
          {
            "code": "07110",
            "display": "San Rafael"
          },
          {
            "code": "13131",
            "display": "San Ramón"
          },
          {
            "code": "08310",
            "display": "San Rosendo"
          },
          {
            "code": "06117",
            "display": "San Vicente"
          },
          {
            "code": "08311",
            "display": "Santa Bárbara"
          },
          {
            "code": "06310",
            "display": "Santa Cruz"
          },
          {
            "code": "08109",
            "display": "Santa Juana"
          },
          {
            "code": "05706",
            "display": "Santa María"
          },
          {
            "code": "13101",
            "display": "Santiago Centro"
          },
          {
            "code": "05606",
            "display": "Santo Domingo"
          },
          {
            "code": "02103",
            "display": "Sierra Gorda"
          },
          {
            "code": "13601",
            "display": "Talagante"
          },
          {
            "code": "07101",
            "display": "Talca"
          },
          {
            "code": "08110",
            "display": "Talcahuano"
          },
          {
            "code": "02104",
            "display": "Taltal"
          },
          {
            "code": "09101",
            "display": "Temuco"
          },
          {
            "code": "07308",
            "display": "Teno"
          },
          {
            "code": "09117",
            "display": "Teodoro Schmidt"
          },
          {
            "code": "03103",
            "display": "Tierra Amarilla"
          },
          {
            "code": "13303",
            "display": "Tiltil"
          },
          {
            "code": "12303",
            "display": "Timaukel"
          },
          {
            "code": "08207",
            "display": "Tirúa"
          },
          {
            "code": "02301",
            "display": "Tocopilla"
          },
          {
            "code": "09118",
            "display": "Toltén"
          },
          {
            "code": "08111",
            "display": "Tomé"
          },
          {
            "code": "12402",
            "display": "Torres del Paine"
          },
          {
            "code": "11303",
            "display": "Tortel"
          },
          {
            "code": "09210",
            "display": "Traiguén"
          },
          {
            "code": "16207",
            "display": "Treguaco"
          },
          {
            "code": "08312",
            "display": "Tucapel"
          },
          {
            "code": "14101",
            "display": "Valdivia"
          },
          {
            "code": "03301",
            "display": "Vallenar"
          },
          {
            "code": "05101",
            "display": "Valparaíso"
          },
          {
            "code": "07309",
            "display": "Vichuqué"
          },
          {
            "code": "09211",
            "display": "Victoria"
          },
          {
            "code": "04106",
            "display": "Vicuña"
          },
          {
            "code": "09119",
            "display": "Vilcún"
          },
          {
            "code": "07407",
            "display": "Villa Alegre"
          },
          {
            "code": "05804",
            "display": "Villa Alemana"
          },
          {
            "code": "09120",
            "display": "Villarrica"
          },
          {
            "code": "05109",
            "display": "Viña del Mar"
          },
          {
            "code": "13132",
            "display": "Vitacura"
          },
          {
            "code": "07408",
            "display": "Yerbas Buenas"
          },
          {
            "code": "08313",
            "display": "Yumbel"
          },
          {
            "code": "16109",
            "display": "Yungay"
          },
          {
            "code": "05405",
            "display": "Zapallar"
          }
        ]
      }
    ]
  }
}